{
    "action": {
        "min": [
            -51.516483306884766,
            -84.70330047607422,
            -95.9120864868164,
            -4.615384578704834,
            -18.769229888916016,
            1.3610315322875977
        ],
        "max": [
            16.175825119018555,
            42.153846740722656,
            78.5934066772461,
            43.20878982543945,
            -3.296703338623047,
            34.8853874206543
        ],
        "mean": [
            -23.896371841430664,
            -3.697444200515747,
            -4.862693786621094,
            11.320944786071777,
            -9.282931327819824,
            10.33541488647461
        ],
        "std": [
            18.17125701904297,
            46.908817291259766,
            52.19133758544922,
            14.43559455871582,
            5.013806343078613,
            11.297829627990723
        ],
        "count": [
            428
        ],
        "q01": [
            -51.43519898986816,
            -84.70330047607422,
            -94.9599838256836,
            -4.615384578704834,
            -18.769229888916016,
            2.0050177085399628
        ],
        "q10": [
            -51.4277490234375,
            -83.73650234446806,
            -86.49577178955079,
            -0.7460901101430257,
            -16.48301010131836,
            2.0103983163833616
        ],
        "q50": [
            -22.232791900634766,
            23.417041778564453,
            -13.714185078938803,
            5.321112292153495,
            -9.098186639639048,
            2.654762282738319
        ],
        "q90": [
            9.409300994873046,
            37.21148834228516,
            74.04578247070313,
            42.06292190551758,
            -3.738170330341046,
            29.224182979877178
        ],
        "q99": [
            16.1733047419009,
            42.072906951904294,
            78.58344508870442,
            43.20469667053223,
            -3.298358988761902,
            34.813941009521486
        ]
    },
    "observation.state": {
        "min": [
            -50.94505310058594,
            -84.61538696289062,
            -75.38461303710938,
            -3.8681318759918213,
            -18.769229888916016,
            2.5035765171051025
        ],
        "max": [
            15.780220031738281,
            42.41758346557617,
            76.87911987304688,
            42.989009857177734,
            -3.296703338623047,
            34.549354553222656
        ],
        "mean": [
            -24.081575393676758,
            -2.84049654006958,
            -2.1554830074310303,
            11.472929954528809,
            -9.24062442779541,
            11.907801628112793
        ],
        "std": [
            17.57830047607422,
            47.05781936645508,
            49.29417419433594,
            14.267170906066895,
            4.99491024017334,
            10.580953598022461
        ],
        "count": [
            428
        ],
        "q01": [
            -50.94505310058594,
            -84.61538696289062,
            -75.29873321533204,
            -3.8681318759918213,
            -18.68171661376953,
            2.5035765171051025
        ],
        "q10": [
            -50.94505310058594,
            -83.56581115722656,
            -75.20283355712891,
            -0.003943664005824497,
            -16.658880360921223,
            2.926961333245942
        ],
        "q50": [
            -21.843937555948894,
            25.645004272460938,
            -11.721454620361328,
            5.355783921700937,
            -9.09688925743103,
            11.726771026361185
        ],
        "q90": [
            5.667337799072265,
            37.5772698538644,
            73.78325534396701,
            41.93050708770752,
            -3.824075804816352,
            29.25918960571289
        ],
        "q99": [
            15.775028076171875,
            42.33674011230469,
            76.86608447265625,
            42.987466964721676,
            -3.384357397896903,
            34.543868713378906
        ]
    },
    "timestamp": {
        "min": [
            0.0
        ],
        "max": [
            17.08
        ],
        "mean": [
            8.54
        ],
        "std": [
            4.942104814752518
        ],
        "count": [
            428
        ],
        "q01": [
            0.15809247990185113
        ],
        "q10": [
            1.6799887999196714
        ],
        "q50": [
            8.522919999999797
        ],
        "q90": [
            15.400011200080323
        ],
        "q99": [
            16.92190752009815
        ]
    },
    "frame_index": {
        "min": [
            0
        ],
        "max": [
            427
        ],
        "mean": [
            213.5
        ],
        "std": [
            123.5526203688129
        ],
        "count": [
            428
        ],
        "q01": [
            3.9523119999018514
        ],
        "q10": [
            41.99971999991967
        ],
        "q50": [
            213.0729999999998
        ],
        "q90": [
            385.00028000008035
        ],
        "q99": [
            423.04768800009816
        ]
    },
    "episode_index": {
        "min": [
            0
        ],
        "max": [
            0
        ],
        "mean": [
            0.0
        ],
        "std": [
            0.0
        ],
        "count": [
            428
        ],
        "q01": [
            3.9999999999994176e-16
        ],
        "q10": [
            3.999999999999417e-15
        ],
        "q50": [
            1.9999999999997088e-14
        ],
        "q90": [
            3.599999999999476e-14
        ],
        "q99": [
            3.959999999999423e-14
        ]
    },
    "index": {
        "min": [
            0
        ],
        "max": [
            427
        ],
        "mean": [
            213.5
        ],
        "std": [
            123.5526203688129
        ],
        "count": [
            428
        ],
        "q01": [
            3.9523119999018514
        ],
        "q10": [
            41.99971999991967
        ],
        "q50": [
            213.0729999999998
        ],
        "q90": [
            385.00028000008035
        ],
        "q99": [
            423.04768800009816
        ]
    },
    "task_index": {
        "min": [
            0
        ],
        "max": [
            0
        ],
        "mean": [
            0.0
        ],
        "std": [
            0.0
        ],
        "count": [
            428
        ],
        "q01": [
            3.9999999999994176e-16
        ],
        "q10": [
            3.999999999999417e-15
        ],
        "q50": [
            1.9999999999997088e-14
        ],
        "q90": [
            3.599999999999476e-14
        ],
        "q99": [
            3.959999999999423e-14
        ]
    },
    "observation.images.wrist": {
        "min": [
            [
                [
                    0.0
                ]
            ],
            [
                [
                    0.0
                ]
            ],
            [
                [
                    0.0
                ]
            ]
        ],
        "max": [
            [
                [
                    1.0
                ]
            ],
            [
                [
                    1.0
                ]
            ],
            [
                [
                    1.0
                ]
            ]
        ],
        "mean": [
            [
                [
                    0.5311853415528988
                ]
            ],
            [
                [
                    0.553708529946247
                ]
            ],
            [
                [
                    0.47626817333241717
                ]
            ]
        ],