{
    "action": {
        "min": [
            -50.72527313232422,
            -83.73626708984375,
            -95.73626708984375,
            -13.84615421295166,
            -24.571428298950195,
            1.0028653144836426
        ],
        "max": [
            11.868131637573242,
            33.978023529052734,
            86.76923370361328,
            43.38461685180664,
            34.41758346557617,
            37.89398193359375
        ],
        "mean": [
            -23.720600128173828,
            2.161365270614624,
            1.6912811994552612,
            -3.2701575756073,
            8.326949119567871,
            17.13046646118164
        ],
        "std": [
            13.015522003173828,
            34.13228988647461,
            35.651424407958984,
            13.628302574157715,
            10.389431953430176,
            13.272062301635742
        ],
        "count": [
            725
        ],
        "q01": [
            -50.72527313232422,
            -83.73626708984375,
            -94.59560966491699,
            -13.84615421295166,
            -18.06788969039917,
            2.1467876011325466
        ],
        "q10": [
            -50.546881675720215,
            -64.48998260498047,
            -25.68457539876302,
            -13.84615421295166,
            -6.905291297219017,
            2.2892380919721393
        ],
        "q50": [
            -22.855558395385742,
            14.99659538269043,
            1.40228271484375,
            -7.169019292902063,
            11.655263651972232,
            26.145698229471844
        ],
        "q90": [
            -8.621598265891851,
            30.557247161865234,
            52.22093200683594,
            5.9385223388671875,
            15.16799545288086,
            34.020890871683754
        ],
        "q99": [
            11.863356514980918,
            33.71611213684082,
            86.7536646899055,
            43.3008132662092,
            29.848885536193848,
            34.454961935679115
        ]
    },
    "observation.state": {
        "min": [
            -50.32966995239258,
            -85.05494689941406,
            -75.20879364013672,
            -13.89011001586914,
            -23.516483306884766,
            2.5035765171051025
        ],
        "max": [
            11.560439109802246,
            34.241756439208984,
            76.96703338623047,
            42.989009857177734,
            33.27472686767578,
            34.40629577636719
        ],
        "mean": [
            -23.851810455322266,
            2.9374234676361084,
            3.478480339050293,
            -3.0626306533813477,
            8.2147855758667,
            17.78794288635254
        ],
        "std": [
            12.66219711303711,
            34.356441497802734,
            32.61785125732422,
            13.495915412902832,
            10.397947311401367,
            12.366646766662598
        ],
        "count": [
            725
        ],
        "q01": [
            -50.32966995239258,
            -83.83442733401344,
            -75.20879364013672,
            -13.89011001586914,
            -18.07304620742798,
            2.5035765171051025
        ],
        "q10": [
            -50.234082751803925,
            -65.26362228393555,
            -23.00650671550206,
            -13.099102367054332,
            -7.253373146057129,
            2.5035765171051025
        ],
        "q50": [
            -22.54852553776332,
            16.56795310974121,
            2.7025453904095817,
            -7.038537002959341,
            11.644703498253456,
            26.245989652780388
        ],
        "q90": [
            -8.400667190551758,
            30.995653218236463,
            53.30369567871094,
            5.80712890625,
            15.161171913146973,
            33.688486099243164
        ],
        "q99": [
            11.467087904612223,
            34.22939988545009,
            76.90185356140137,
            42.986349474999216,
            28.61501121520996,
            34.33112704753876
        ]
    },
    "timestamp": {
        "min": [
            0.0
        ],
        "max": [
            28.96
        ],
        "mean": [
            14.48
        ],
        "std": [
            8.371570939793797
        ],
        "count": [
            725
        ],
        "q01": [
            0.27946399990192994
        ],
        "q10": [
            2.8815199999198997
        ],
        "q50": [
            14.482896000000018
        ],
        "q90": [
            26.0784800000801
        ],
        "q99": [
            28.68053600009807
        ]
    },
    "frame_index": {
        "min": [
            0
        ],
        "max": [
            724
        ],
        "mean": [
            362.0
        ],
        "std": [
            209.28927349484493
        ],
        "count": [
            725
        ],
        "q01": [
            6.98659999990193
        ],
        "q10": [
            72.0379999999199
        ],
        "q50": [
            361.9276
        ],
        "q90": [
            651.9620000000801
        ],
        "q99": [
            717.013400000098
        ]
    },
    "episode_index": {
        "min": [
            0
        ],
        "max": [
            0
        ],
        "mean": [
            0.0
        ],
        "std": [
            0.0
        ],
        "count": [
            725
        ],
        "q01": [
            3.9999999999994176e-16
        ],
        "q10": [
            3.999999999999417e-15
        ],
        "q50": [
            1.9999999999997088e-14
        ],
        "q90": [
            3.599999999999476e-14
        ],
        "q99": [
            3.9599999999994235e-14
        ]
    },
    "index": {
        "min": [
            0
        ],
        "max": [
            724
        ],
        "mean": [
            362.0
        ],
        "std": [
            209.28927349484493
        ],
        "count": [
            725
        ],
        "q01": [
            6.98659999990193
        ],
        "q10": [
            72.0379999999199
        ],
        "q50": [
            361.9276
        ],
        "q90": [
            651.9620000000801
        ],
        "q99": [
            717.013400000098
        ]
    },
    "task_index": {
        "min": [
            0
        ],
        "max": [
            0
        ],
        "mean": [
            0.0
        ],
        "std": [
            0.0
        ],
        "count": [
            725
        ],
        "q01": [
            3.9999999999994176e-16
        ],
        "q10": [
            3.999999999999417e-15
        ],
        "q50": [
            1.9999999999997088e-14
        ],
        "q90": [
            3.599999999999476e-14
        ],
        "q99": [
            3.9599999999994235e-14
        ]
    },
    "observation.images.wrist": {
        "min": [
            [
                [
                    0.0
                ]
            ],
            [
                [
                    0.0
                ]
            ],
            [
                [
                    0.0
                ]
            ]
        ],
        "max": [
            [
                [
                    1.0
                ]
            ],
            [
                [
                    1.0
                ]
            ],
            [
                [
                    1.0
                ]
            ]
        ],
        "mean": [
            [
                [
                    0.5353883167117413
                ]
            ],
            [
                [
                    0.5462876732589594
                ]
            ],
            [
                [
                    0.45807003775073274
                ]
            ]
        ],